Metric,Wind Speed (m/s)
Mean,5.564288148792837
Median,4.729729274854119
Std Dev,3.291468361299342
Min,0.5
Max,30.0
25th %ile,3.3500804262410844
75th %ile,6.88326984133091
